Workbook

Sheet Read Me
B2: Volumetric Weight & Box-Fit Checker
B4: What this does
B5: Checks every product against your standard box sizes and tells you the cheapest box it actually fits in - and flags products that don't fit any box you stock, so you're not overpaying for oversized packaging or discovering a bad fit at the packing table.
B7: How to use it
B8: 1. Go to the 'Box Library' tab and replace the sample boxes with your own carton sizes and costs (cells shaded yellow).
B9: 2. Go to the 'Product Data' tab and paste your own product dimensions, replacing the sample rows.
B10: 3. IMPORTANT: for every product AND every box, enter Length as the longest side, Width as the middle side, and Height as the shortest side. This keeps the fit-check accurate regardless of which way the box is oriented.
B11: 4. Open the 'Fit Checker' tab - it shows the cheapest box each product fits in, or 'NO BOX FITS' if none do.
B13: Notes
B14: - All costs are in INR (Rs), all dimensions in cm, all weights in kg.
B15: - The Box Library should be ordered from smallest/cheapest to largest/costliest - the checker recommends the first (cheapest) box a product fits in.
B16: - This is a generic template with illustrative sample data - it is not tied to any specific brand or product line.

Sheet Box Library
A1: Box Library - SAMPLE VALUES, replace with your own carton sizes
A3: Box Code | B3: Box Name | C3: Internal Length (cm) | D3: Internal Width (cm) | E3: Internal Height (cm) | F3: Max Weight Capacity (kg) | G3: Cost per Box (Rs) | H3: Volume (cm3)
A4: BX1 | B4: XS | C4: 15 | D4: 10 | E4: 8 | F4: 2 | G4: 6 | H4: =C4*D4*E4
A5: BX2 | B5: S | C5: 20 | D5: 15 | E5: 10 | F5: 5 | G5: 8 | H5: =C5*D5*E5
A6: BX3 | B6: M | C6: 25 | D6: 20 | E6: 15 | F6: 8 | G6: 11 | H6: =C6*D6*E6
A7: BX4 | B7: L | C7: 35 | D7: 28 | E7: 18 | F7: 12 | G7: 15 | H7: =C7*D7*E7
A8: BX5 | B8: XL | C8: 45 | D8: 35 | E8: 25 | F8: 20 | G8: 22 | H8: =C8*D8*E8
A11: Keep boxes ordered smallest/cheapest to largest/costliest - the Fit Checker recommends the first one that fits.

Sheet Product Data
A1: SKU | B1: Product Name | C1: Length (cm) | D1: Width (cm) | E1: Height (cm) | F1: Weight (kg)
A2: SKU-1001 | B2: Face Serum 30ml | C2: 12 | D2: 8 | E2: 6 | F2: 0.15
A3: SKU-1002 | B3: Sunscreen Combo Pack | C3: 18 | D3: 13 | E3: 9 | F3: 0.35
A4: SKU-1003 | B4: Face Wash 100ml x2 | C4: 16 | D4: 11 | E4: 7 | F4: 0.4
A5: SKU-1004 | B5: Moisturizer Jar Large | C5: 22 | D5: 18 | E5: 12 | F5: 0.6
A6: SKU-1005 | B6: Gift Hamper Small | C6: 24 | D6: 19 | E6: 14 | F6: 1.2
A7: SKU-1006 | B7: Gift Hamper Large | C7: 33 | D7: 26 | E7: 16 | F7: 3.5
A8: SKU-1007 | B8: Hair Dryer | C8: 30 | D8: 14 | E8: 10 | F8: 0.9
A9: SKU-1008 | B9: Combo Kit 6-pc | C9: 34 | D9: 27 | E9: 17 | F9: 4.8
A10: SKU-1009 | B10: Bulk Wholesale Carton | C10: 44 | D10: 34 | E10: 24 | F10: 9
A11: SKU-1010 | B11: Oversized Appliance | C11: 60 | D11: 40 | E11: 30 | F11: 15
A210: Replace with your own product list. Enter Length = longest side, Width = middle side, Height = shortest side.

Sheet Fit Checker
A1: SKU | B1: Product Name | C1: Length (cm) | D1: Width (cm) | E1: Height (cm) | F1: Weight (kg) | G1: Product Volume (cm3) | H1: Fits BX1 (XS) | I1: Fits BX2 (S) | J1: Fits BX3 (M) | K1: Fits BX4 (L) | L1: Fits BX5 (XL) | M1: Recommended Box | N1: Recommended Box Cost (Rs) | O1: Space Utilization (%) | P1: Status
A2: =IF('Product Data'!A2="","",'Product Data'!A2) | B2: =IF('Product Data'!A2="","",'Product Data'!B2) | C2: =IF('Product Data'!A2="","",'Product Data'!C2) | D2: =IF('Product Data'!A2="","",'Product Data'!D2) | E2: =IF('Product Data'!A2="","",'Product Data'!E2) | F2: =IF('Product Data'!A2="","",'Product Data'!F2) | G2: =IF('Product Data'!A2="","",C2*D2*E2) | H2: =IF('Product Data'!A2="","",AND($C2<='Box Library'!$C$4,$D2<='Box Library'!$D$4,$E2<='Box Library'!$E$4,$F2<='Box Library'!$F$4)) | I2: =IF('Product Data'!A2="","",AND($C2<='Box Library'!$C$5,$D2<='Box Library'!$D$5,$E2<='Box Library'!$E$5,$F2<='Box Library'!$F$5)) | J2: =IF('Product Data'!A2="","",AND($C2<='Box Library'!$C$6,$D2<='Box Library'!$D$6,$E2<='Box Library'!$E$6,$F2<='Box Library'!$F$6)) | K2: =IF('Product Data'!A2="","",AND($C2<='Box Library'!$C$7,$D2<='Box Library'!$D$7,$E2<='Box Library'!$E$7,$F2<='Box Library'!$F$7)) | L2: =IF('Product Data'!A2="","",AND($C2<='Box Library'!$C$8,$D2<='Box Library'!$D$8,$E2<='Box Library'!$E$8,$F2<='Box Library'!$F$8)) | M2: =IF('Product Data'!A2="","",IF(H2,'Box Library'!$A$4,IF(I2,'Box Library'!$A$5,IF(J2,'Box Library'!$A$6,IF(K2,'Box Library'!$A$7,IF(L2,'Box Library'!$A$8,"NO BOX FITS")))))) | N2: =IF('Product Data'!A2="","",IF(H2,'Box Library'!$G$4,IF(I2,'Box Library'!$G$5,IF(J2,'Box Library'!$G$6,IF(K2,'Box Library'!$G$7,IF(L2,'Box Library'!$G$8,0)))))) | O2: =IF('Product Data'!A2="","",IF(M2="NO BOX FITS",0,G2/(IF(H2,'Box Library'!$H$4,IF(I2,'Box Library'!$H$5,IF(J2,'Box Library'!$H$6,IF(K2,'Box Library'!$H$7,'Box Library'!$H$8))))))) | P2: =IF('Product Data'!A2="","",IF(M2="NO BOX FITS","REVIEW - NO STANDARD BOX FITS","OK"))
A3: =IF('Product Data'!A3="","",'Product Data'!A3) | B3: =IF('Product Data'!A3="","",'Product Data'!B3) | C3: =IF('Product Data'!A3="","",'Product Data'!C3) | D3: =IF('Product Data'!A3="","",'Product Data'!D3) | E3: =IF('Product Data'!A3="","",'Product Data'!E3) | F3: =IF('Product Data'!A3="","",'Product Data'!F3) | G3: =IF('Product Data'!A3="","",C3*D3*E3) | H3: =IF('Product Data'!A3="","",AND($C3<='Box Library'!$C$4,$D3<='Box Library'!$D$4,$E3<='Box Library'!$E$4,$F3<='Box Library'!$F$4)) | I3: =IF('Product Data'!A3="","",AND($C3<='Box Library'!$C$5,$D3<='Box Library'!$D$5,$E3<='Box Library'!$E$5,$F3<='Box Library'!$F$5)) | J3: =IF('Product Data'!A3="","",AND($C3<='Box Library'!$C$6,$D3<='Box Library'!$D$6,$E3<='Box Library'!$E$6,$F3<='Box Library'!$F$6)) | K3: =IF('Product Data'!A3="","",AND($C3<='Box Library'!$C$7,$D3<='Box Library'!$D$7,$E3<='Box Library'!$E$7,$F3<='Box Library'!$F$7)) | L3: =IF('Product Data'!A3="","",AND($C3<='Box Library'!$C$8,$D3<='Box Library'!$D$8,$E3<='Box Library'!$E$8,$F3<='Box Library'!$F$8)) | M3: =IF('Product Data'!A3="","",IF(H3,'Box Library'!$A$4,IF(I3,'Box Library'!$A$5,IF(J3,'Box Library'!$A$6,IF(K3,'Box Library'!$A$7,IF(L3,'Box Library'!$A$8,"NO BOX FITS")))))) | N3: =IF('Product Data'!A3="","",IF(H3,'Box Library'!$G$4,IF(I3,'Box Library'!$G$5,IF(J3,'Box Library'!$G$6,IF(K3,'Box Library'!$G$7,IF(L3,'Box Library'!$G$8,0)))))) | O3: =IF('Product Data'!A3="","",IF(M3="NO BOX FITS",0,G3/(IF(H3,'Box Library'!$H$4,IF(I3,'Box Library'!$H$5,IF(J3,'Box Library'!$H$6,IF(K3,'Box Library'!$H$7,'Box Library'!$H$8))))))) | P3: =IF('Product Data'!A3="","",IF(M3="NO BOX FITS","REVIEW - NO STANDARD BOX FITS","OK"))
A4: =IF('Product Data'!A4="","",'Product Data'!A4) | B4: =IF('Product Data'!A4="","",'Product Data'!B4) | C4: =IF('Product Data'!A4="","",'Product Data'!C4) | D4: =IF('Product Data'!A4="","",'Product Data'!D4) | E4: =IF('Product Data'!A4="","",'Product Data'!E4) | F4: =IF('Product Data'!A4="","",'Product Data'!F4) | G4: =IF('Product Data'!A4="","",C4*D4*E4) | H4: =IF('Product Data'!A4="","",AND($C4<='Box Library'!$C$4,$D4<='Box Library'!$D$4,$E4<='Box Library'!$E$4,$F4<='Box Library'!$F$4)) | I4: =IF('Product Data'!A4="","",AND($C4<='Box Library'!$C$5,$D4<='Box Library'!$D$5,$E4<='Box Library'!$E$5,$F4<='Box Library'!$F$5)) | J4: =IF('Product Data'!A4="","",AND($C4<='Box Library'!$C$6,$D4<='Box Library'!$D$6,$E4<='Box Library'!$E$6,$F4<='Box Library'!$F$6)) | K4: =IF('Product Data'!A4="","",AND($C4<='Box Library'!$C$7,$D4<='Box Library'!$D$7,$E4<='Box Library'!$E$7,$F4<='Box Library'!$F$7)) | L4: =IF('Product Data'!A4="","",AND($C4<='Box Library'!$C$8,$D4<='Box Library'!$D$8,$E4<='Box Library'!$E$8,$F4<='Box Library'!$F$8)) | M4: =IF('Product Data'!A4="","",IF(H4,'Box Library'!$A$4,IF(I4,'Box Library'!$A$5,IF(J4,'Box Library'!$A$6,IF(K4,'Box Library'!$A$7,IF(L4,'Box Library'!$A$8,"NO BOX FITS")))))) | N4: =IF('Product Data'!A4="","",IF(H4,'Box Library'!$G$4,IF(I4,'Box Library'!$G$5,IF(J4,'Box Library'!$G$6,IF(K4,'Box Library'!$G$7,IF(L4,'Box Library'!$G$8,0)))))) | O4: =IF('Product Data'!A4="","",IF(M4="NO BOX FITS",0,G4/(IF(H4,'Box Library'!$H$4,IF(I4,'Box Library'!$H$5,IF(J4,'Box Library'!$H$6,IF(K4,'Box Library'!$H$7,'Box Library'!$H$8))))))) | P4: =IF('Product Data'!A4="","",IF(M4="NO BOX FITS","REVIEW - NO STANDARD BOX FITS","OK"))
A5: =IF('Product Data'!A5="","",'Product Data'!A5) | B5: =IF('Product Data'!A5="","",'Product Data'!B5) | C5: =IF('Product Data'!A5="","",'Product Data'!C5) | D5: =IF('Product Data'!A5="","",'Product Data'!D5) | E5: =IF('Product Data'!A5="","",'Product Data'!E5) | F5: =IF('Product Data'!A5="","",'Product Data'!F5) | G5: =IF('Product Data'!A5="","",C5*D5*E5) | H5: =IF('Product Data'!A5="","",AND($C5<='Box Library'!$C$4,$D5<='Box Library'!$D$4,$E5<='Box Library'!$E$4,$F5<='Box Library'!$F$4)) | I5: =IF('Product Data'!A5="","",AND($C5<='Box Library'!$C$5,$D5<='Box Library'!$D$5,$E5<='Box Library'!$E$5,$F5<='Box Library'!$F$5)) | J5: =IF('Product Data'!A5="","",AND($C5<='Box Library'!$C$6,$D5<='Box Library'!$D$6,$E5<='Box Library'!$E$6,$F5<='Box Library'!$F$6)) | K5: =IF('Product Data'!A5="","",AND($C5<='Box Library'!$C$7,$D5<='Box Library'!$D$7,$E5<='Box Library'!$E$7,$F5<='Box Library'!$F$7)) | L5: =IF('Product Data'!A5="","",AND($C5<='Box Library'!$C$8,$D5<='Box Library'!$D$8,$E5<='Box Library'!$E$8,$F5<='Box Library'!$F$8)) | M5: =IF('Product Data'!A5="","",IF(H5,'Box Library'!$A$4,IF(I5,'Box Library'!$A$5,IF(J5,'Box Library'!$A$6,IF(K5,'Box Library'!$A$7,IF(L5,'Box Library'!$A$8,"NO BOX FITS")))))) | N5: =IF('Product Data'!A5="","",IF(H5,'Box Library'!$G$4,IF(I5,'Box Library'!$G$5,IF(J5,'Box Library'!$G$6,IF(K5,'Box Library'!$G$7,IF(L5,'Box Library'!$G$8,0)))))) | O5: =IF('Product Data'!A5="","",IF(M5="NO BOX FITS",0,G5/(IF(H5,'Box Library'!$H$4,IF(I5,'Box Library'!$H$5,IF(J5,'Box Library'!$H$6,IF(K5,'Box Library'!$H$7,'Box Library'!$H$8))))))) | P5: =IF('Product Data'!A5="","",IF(M5="NO BOX FITS","REVIEW - NO STANDARD BOX FITS","OK"))
A6: =IF('Product Data'!A6="","",'Product Data'!A6) | B6: =IF('Product Data'!A6="","",'Product Data'!B6) | C6: =IF('Product Data'!A6="","",'Product Data'!C6) | D6: =IF('Product Data'!A6="","",'Product Data'!D6) | E6: =IF('Product Data'!A6="","",'Product Data'!E6) | F6: =IF('Product Data'!A6="","",'Product Data'!F6) | G6: =IF('Product Data'!A6="","",C6*D6*E6) | H6: =IF('Product Data'!A6="","",AND($C6<='Box Library'!$C$4,$D6<='Box Library'!$D$4,$E6<='Box Library'!$E$4,$F6<='Box Library'!$F$4)) | I6: =IF('Product Data'!A6="","",AND($C6<='Box Library'!$C$5,$D6<='Box Library'!$D$5,$E6<='Box Library'!$E$5,$F6<='Box Library'!$F$5)) | J6: =IF('Product Data'!A6="","",AND($C6<='Box Library'!$C$6,$D6<='Box Library'!$D$6,$E6<='Box Library'!$E$6,$F6<='Box Library'!$F$6)) | K6: =IF('Product Data'!A6="","",AND($C6<='Box Library'!$C$7,$D6<='Box Library'!$D$7,$E6<='Box Library'!$E$7,$F6<='Box Library'!$F$7)) | L6: =IF('Product Data'!A6="","",AND($C6<='Box Library'!$C$8,$D6<='Box Library'!$D$8,$E6<='Box Library'!$E$8,$F6<='Box Library'!$F$8)) | M6: =IF('Product Data'!A6="","",IF(H6,'Box Library'!$A$4,IF(I6,'Box Library'!$A$5,IF(J6,'Box Library'!$A$6,IF(K6,'Box Library'!$A$7,IF(L6,'Box Library'!$A$8,"NO BOX FITS")))))) | N6: =IF('Product Data'!A6="","",IF(H6,'Box Library'!$G$4,IF(I6,'Box Library'!$G$5,IF(J6,'Box Library'!$G$6,IF(K6,'Box Library'!$G$7,IF(L6,'Box Library'!$G$8,0)))))) | O6: =IF('Product Data'!A6="","",IF(M6="NO BOX FITS",0,G6/(IF(H6,'Box Library'!$H$4,IF(I6,'Box Library'!$H$5,IF(J6,'Box Library'!$H$6,IF(K6,'Box Library'!$H$7,'Box Library'!$H$8))))))) | P6: =IF('Product Data'!A6="","",IF(M6="NO BOX FITS","REVIEW - NO STANDARD BOX FITS","OK"))
A7: =IF('Product Data'!A7="","",'Product Data'!A7) | B7: =IF('Product Data'!A7="","",'Product Data'!B7) | C7: =IF('Product Data'!A7="","",'Product Data'!C7) | D7: =IF('Product Data'!A7="","",'Product Data'!D7) | E7: =IF('Product Data'!A7="","",'Product Data'!E7) | F7: =IF('Product Data'!A7="","",'Product Data'!F7) | G7: =IF('Product Data'!A7="","",C7*D7*E7) | H7: =IF('Product Data'!A7="","",AND($C7<='Box Library'!$C$4,$D7<='Box Library'!$D$4,$E7<='Box Library'!$E$4,$F7<='Box Library'!$F$4)) | I7: =IF('Product Data'!A7="","",AND($C7<='Box Library'!$C$5,$D7<='Box Library'!$D$5,$E7<='Box Library'!$E$5,$F7<='Box Library'!$F$5)) | J7: =IF('Product Data'!A7="","",AND($C7<='Box Library'!$C$6,$D7<='Box Library'!$D$6,$E7<='Box Library'!$E$6,$F7<='Box Library'!$F$6)) | K7: =IF('Product Data'!A7="","",AND($C7<='Box Library'!$C$7,$D7<='Box Library'!$D$7,$E7<='Box Library'!$E$7,$F7<='Box Library'!$F$7)) | L7: =IF('Product Data'!A7="","",AND($C7<='Box Library'!$C$8,$D7<='Box Library'!$D$8,$E7<='Box Library'!$E$8,$F7<='Box Library'!$F$8)) | M7: =IF('Product Data'!A7="","",IF(H7,'Box Library'!$A$4,IF(I7,'Box Library'!$A$5,IF(J7,'Box Library'!$A$6,IF(K7,'Box Library'!$A$7,IF(L7,'Box Library'!$A$8,"NO BOX FITS")))))) | N7: =IF('Product Data'!A7="","",IF(H7,'Box Library'!$G$4,IF(I7,'Box Library'!$G$5,IF(J7,'Box Library'!$G$6,IF(K7,'Box Library'!$G$7,IF(L7,'Box Library'!$G$8,0)))))) | O7: =IF('Product Data'!A7="","",IF(M7="NO BOX FITS",0,G7/(IF(H7,'Box Library'!$H$4,IF(I7,'Box Library'!$H$5,IF(J7,'Box Library'!$H$6,IF(K7,'Box Library'!$H$7,'Box Library'!$H$8))))))) | P7: =IF('Product Data'!A7="","",IF(M7="NO BOX FITS","REVIEW - NO STANDARD BOX FITS","OK"))
A8: =IF('Product Data'!A8="","",'Product Data'!A8) | B8: =IF('Product Data'!A8="","",'Product Data'!B8) | C8: =IF('Product Data'!A8="","",'Product Data'!C8) | D8: =IF('Product Data'!A8="","",'Product Data'!D8) | E8: =IF('Product Data'!A8="","",'Product Data'!E8) | F8: =IF('Product Data'!A8="","",'Product Data'!F8) | G8: =IF('Product Data'!A8="","",C8*D8*E8) | H8: =IF('Product Data'!A8="","",AND($C8<='Box Library'!$C$4,$D8<='Box Library'!$D$4,$E8<='Box Library'!$E$4,$F8<='Box Library'!$F$4)) | I8: =IF('Product Data'!A8="","",AND($C8<='Box Library'!$C$5,$D8<='Box Library'!$D$5,$E8<='Box Library'!$E$5,$F8<='Box Library'!$F$5)) | J8: =IF('Product Data'!A8="","",AND($C8<='Box Library'!$C$6,$D8<='Box Library'!$D$6,$E8<='Box Library'!$E$6,$F8<='Box Library'!$F$6)) | K8: =IF('Product Data'!A8="","",AND($C8<='Box Library'!$C$7,$D8<='Box Library'!$D$7,$E8<='Box Library'!$E$7,$F8<='Box Library'!$F$7)) | L8: =IF('Product Data'!A8="","",AND($C8<='Box Library'!$C$8,$D8<='Box Library'!$D$8,$E8<='Box Library'!$E$8,$F8<='Box Library'!$F$8)) | M8: =IF('Product Data'!A8="","",IF(H8,'Box Library'!$A$4,IF(I8,'Box Library'!$A$5,IF(J8,'Box Library'!$A$6,IF(K8,'Box Library'!$A$7,IF(L8,'Box Library'!$A$8,"NO BOX FITS")))))) | N8: =IF('Product Data'!A8="","",IF(H8,'Box Library'!$G$4,IF(I8,'Box Library'!$G$5,IF(J8,'Box Library'!$G$6,IF(K8,'Box Library'!$G$7,IF(L8,'Box Library'!$G$8,0)))))) | O8: =IF('Product Data'!A8="","",IF(M8="NO BOX FITS",0,G8/(IF(H8,'Box Library'!$H$4,IF(I8,'Box Library'!$H$5,IF(J8,'Box Library'!$H$6,IF(K8,'Box Library'!$H$7,'Box Library'!$H$8))))))) | P8: =IF('Product Data'!A8="","",IF(M8="NO BOX FITS","REVIEW - NO STANDARD BOX FITS","OK"))
A9: =IF('Product Data'!A9="","",'Product Data'!A9) | B9: =IF('Product Data'!A9="","",'Product Data'!B9) | C9: =IF('Product Data'!A9="","",'Product Data'!C9) | D9: =IF('Product Data'!A9="","",'Product Data'!D9) | E9: =IF('Product Data'!A9="","",'Product Data'!E9) | F9: =IF('Product Data'!A9="","",'Product Data'!F9) | G9: =IF('Product Data'!A9="","",C9*D9*E9) | H9: =IF('Product Data'!A9="","",AND($C9<='Box Library'!$C$4,$D9<='Box Library'!$D$4,$E9<='Box Library'!$E$4,$F9<='Box Library'!$F$4)) | I9: =IF('Product Data'!A9="","",AND($C9<='Box Library'!$C$5,$D9<='Box Library'!$D$5,$E9<='Box Library'!$E$5,$F9<='Box Library'!$F$5)) | J9: =IF('Product Data'!A9="","",AND($C9<='Box Library'!$C$6,$D9<='Box Library'!$D$6,$E9<='Box Library'!$E$6,$F9<='Box Library'!$F$6)) | K9: =IF('Product Data'!A9="","",AND($C9<='Box Library'!$C$7,$D9<='Box Library'!$D$7,$E9<='Box Library'!$E$7,$F9<='Box Library'!$F$7)) | L9: =IF('Product Data'!A9="","",AND($C9<='Box Library'!$C$8,$D9<='Box Library'!$D$8,$E9<='Box Library'!$E$8,$F9<='Box Library'!$F$8)) | M9: =IF('Product Data'!A9="","",IF(H9,'Box Library'!$A$4,IF(I9,'Box Library'!$A$5,IF(J9,'Box Library'!$A$6,IF(K9,'Box Library'!$A$7,IF(L9,'Box Library'!$A$8,"NO BOX FITS")))))) | N9: =IF('Product Data'!A9="","",IF(H9,'Box Library'!$G$4,IF(I9,'Box Library'!$G$5,IF(J9,'Box Library'!$G$6,IF(K9,'Box Library'!$G$7,IF(L9,'Box Library'!$G$8,0)))))) | O9: =IF('Product Data'!A9="","",IF(M9="NO BOX FITS",0,G9/(IF(H9,'Box Library'!$H$4,IF(I9,'Box Library'!$H$5,IF(J9,'Box Library'!$H$6,IF(K9,'Box Library'!$H$7,'Box Library'!$H$8))))))) | P9: =IF('Product Data'!A9="","",IF(M9="NO BOX FITS","REVIEW - NO STANDARD BOX FITS","OK"))
A10: =IF('Product Data'!A10="","",'Product Data'!A10) | B10: =IF('Product Data'!A10="","",'Product Data'!B10) | C10: =IF('Product Data'!A10="","",'Product Data'!C10) | D10: =IF('Product Data'!A10="","",'Product Data'!D10) | E10: =IF('Product Data'!A10="","",'Product Data'!E10) | F10: =IF('Product Data'!A10="","",'Product Data'!F10) | G10: =IF('Product Data'!A10="","",C10*D10*E10) | H10: =IF('Product Data'!A10="","",AND($C10<='Box Library'!$C$4,$D10<='Box Library'!$D$4,$E10<='Box Library'!$E$4,$F10<='Box Library'!$F$4)) | I10: =IF('Product Data'!A10="","",AND($C10<='Box Library'!$C$5,$D10<='Box Library'!$D$5,$E10<='Box Library'!$E$5,$F10<='Box Library'!$F$5)) | J10: =IF('Product Data'!A10="","",AND($C10<='Box Library'!$C$6,$D10<='Box Library'!$D$6,$E10<='Box Library'!$E$6,$F10<='Box Library'!$F$6)) | K10: =IF('Product Data'!A10="","",AND($C10<='Box Library'!$C$7,$D10<='Box Library'!$D$7,$E10<='Box Library'!$E$7,$F10<='Box Library'!$F$7)) | L10: =IF('Product Data'!A10="","",AND($C10<='Box Library'!$C$8,$D10<='Box Library'!$D$8,$E10<='Box Library'!$E$8,$F10<='Box Library'!$F$8)) | M10: =IF('Product Data'!A10="","",IF(H10,'Box Library'!$A$4,IF(I10,'Box Library'!$A$5,IF(J10,'Box Library'!$A$6,IF(K10,'Box Library'!$A$7,IF(L10,'Box Library'!$A$8,"NO BOX FITS")))))) | N10: =IF('Product Data'!A10="","",IF(H10,'Box Library'!$G$4,IF(I10,'Box Library'!$G$5,IF(J10,'Box Library'!$G$6,IF(K10,'Box Library'!$G$7,IF(L10,'Box Library'!$G$8,0)))))) | O10: =IF('Product Data'!A10="","",IF(M10="NO BOX FITS",0,G10/(IF(H10,'Box Library'!$H$4,IF(I10,'Box Library'!$H$5,IF(J10,'Box Library'!$H$6,IF(K10,'Box Library'!$H$7,'Box Library'!$H$8))))))) | P10: =IF('Product Data'!A10="","",IF(M10="NO BOX FITS","REVIEW - NO STANDARD BOX FITS","OK"))
A11: =IF('Product Data'!A11="","",'Product Data'!A11) | B11: =IF('Product Data'!A11="","",'Product Data'!B11) | C11: =IF('Product Data'!A11="","",'Product Data'!C11) | D11: =IF('Product Data'!A11="","",'Product Data'!D11) | E11: =IF('Product Data'!A11="","",'Product Data'!E11) | F11: =IF('Product Data'!A11="","",'Product Data'!F11) | G11: =IF('Product Data'!A11="","",C11*D11*E11) | H11: =IF('Product Data'!A11="","",AND($C11<='Box Library'!$C$4,$D11<='Box Library'!$D$4,$E11<='Box Library'!$E$4,$F11<='Box Library'!$F$4)) | I11: =IF('Product Data'!A11="","",AND($C11<='Box Library'!$C$5,$D11<='Box Library'!$D$5,$E11<='Box Library'!$E$5,$F11<='Box Library'!$F$5)) | J11: =IF('Product Data'!A11="","",AND($C11<='Box Library'!$C$6,$D11<='Box Library'!$D$6,$E11<='Box Library'!$E$6,$F11<='Box Library'!$F$6)) | K11: =IF('Product Data'!A11="","",AND($C11<='Box Library'!$C$7,$D11<='Box Library'!$D$7,$E11<='Box Library'!$E$7,$F11<='Box Library'!$F$7)) | L11: =IF('Product Data'!A11="","",AND($C11<='Box Library'!$C$8,$D11<='Box Library'!$D$8,$E11<='Box Library'!$E$8,$F11<='Box Library'!$F$8)) | M11: =IF('Product Data'!A11="","",IF(H11,'Box Library'!$A$4,IF(I11,'Box Library'!$A$5,IF(J11,'Box Library'!$A$6,IF(K11,'Box Library'!$A$7,IF(L11,'Box Library'!$A$8,"NO BOX FITS")))))) | N11: =IF('Product Data'!A11="","",IF(H11,'Box Library'!$G$4,IF(I11,'Box Library'!$G$5,IF(J11,'Box Library'!$G$6,IF(K11,'Box Library'!$G$7,IF(L11,'Box Library'!$G$8,0)))))) | O11: =IF('Product Data'!A11="","",IF(M11="NO BOX FITS",0,G11/(IF(H11,'Box Library'!$H$4,IF(I11,'Box Library'!$H$5,IF(J11,'Box Library'!$H$6,IF(K11,'Box Library'!$H$7,'Box Library'!$H$8))))))) | P11: =IF('Product Data'!A11="","",IF(M11="NO BOX FITS","REVIEW - NO STANDARD BOX FITS","OK"))
A12: =IF('Product Data'!A12="","",'Product Data'!A12) | B12: =IF('Product Data'!A12="","",'Product Data'!B12) | C12: =IF('Product Data'!A12="","",'Product Data'!C12) | D12: =IF('Product Data'!A12="","",'Product Data'!D12) | E12: =IF('Product Data'!A12="","",'Product Data'!E12) | F12: =IF('Product Data'!A12="","",'Product Data'!F12) | G12: =IF('Product Data'!A12="","",C12*D12*E12) | H12: =IF('Product Data'!A12="","",AND($C12<='Box Library'!$C$4,$D12<='Box Library'!$D$4,$E12<='Box Library'!$E$4,$F12<='Box Library'!$F$4)) | I12: =IF('Product Data'!A12="","",AND($C12<='Box Library'!$C$5,$D12<='Box Library'!$D$5,$E12<='Box Library'!$E$5,$F12<='Box Library'!$F$5)) | J12: =IF('Product Data'!A12="","",AND($C12<='Box Library'!$C$6,$D12<='Box Library'!$D$6,$E12<='Box Library'!$E$6,$F12<='Box Library'!$F$6)) | K12: =IF('Product Data'!A12="","",AND($C12<='Box Library'!$C$7,$D12<='Box Library'!$D$7,$E12<='Box Library'!$E$7,$F12<='Box Library'!$F$7)) | L12: =IF('Product Data'!A12="","",AND($C12<='Box Library'!$C$8,$D12<='Box Library'!$D$8,$E12<='Box Library'!$E$8,$F12<='Box Library'!$F$8)) | M12: =IF('Product Data'!A12="","",IF(H12,'Box Library'!$A$4,IF(I12,'Box Library'!$A$5,IF(J12,'Box Library'!$A$6,IF(K12,'Box Library'!$A$7,IF(L12,'Box Library'!$A$8,"NO BOX FITS")))))) | N12: =IF('Product Data'!A12="","",IF(H12,'Box Library'!$G$4,IF(I12,'Box Library'!$G$5,IF(J12,'Box Library'!$G$6,IF(K12,'Box Library'!$G$7,IF(L12,'Box Library'!$G$8,0)))))) | O12: =IF('Product Data'!A12="","",IF(M12="NO BOX FITS",0,G12/(IF(H12,'Box Library'!$H$4,IF(I12,'Box Library'!$H$5,IF(J12,'Box Library'!$H$6,IF(K12,'Box Library'!$H$7,'Box Library'!$H$8))))))) | P12: =IF('Product Data'!A12="","",IF(M12="NO BOX FITS","REVIEW - NO STANDARD BOX FITS","OK"))
A13: =IF('Product Data'!A13="","",'Product Data'!A13) | B13: =IF('Product Data'!A13="","",'Product Data'!B13) | C13: =IF('Product Data'!A13="","",'Product Data'!C13) | D13: =IF('Product Data'!A13="","",'Product Data'!D13) | E13: =IF('Product Data'!A13="","",'Product Data'!E13) | F13: =IF('Product Data'!A13="","",'Product Data'!F13) | G13: =IF('Product Data'!A13="","",C13*D13*E13) | H13: =IF('Product Data'!A13="","",AND($C13<='Box Library'!$C$4,$D13<='Box Library'!$D$4,$E13<='Box Library'!$E$4,$F13<='Box Library'!$F$4)) | I13: =IF('Product Data'!A13="","",AND($C13<='Box Library'!$C$5,$D13<='Box Library'!$D$5,$E13<='Box Library'!$E$5,$F13<='Box Library'!$F$5)) | J13: =IF('Product Data'!A13="","",AND($C13<='Box Library'!$C$6,$D13<='Box Library'!$D$6,$E13<='Box Library'!$E$6,$F13<='Box Library'!$F$6)) | K13: =IF('Product Data'!A13="","",AND($C13<='Box Library'!$C$7,$D13<='Box Library'!$D$7,$E13<='Box Library'!$E$7,$F13<='Box Library'!$F$7)) | L13: =IF('Product Data'!A13="","",AND($C13<='Box Library'!$C$8,$D13<='Box Library'!$D$8,$E13<='Box Library'!$E$8,$F13<='Box Library'!$F$8)) | M13: =IF('Product Data'!A13="","",IF(H13,'Box Library'!$A$4,IF(I13,'Box Library'!$A$5,IF(J13,'Box Library'!$A$6,IF(K13,'Box Library'!$A$7,IF(L13,'Box Library'!$A$8,"NO BOX FITS")))))) | N13: =IF('Product Data'!A13="","",IF(H13,'Box Library'!$G$4,IF(I13,'Box Library'!$G$5,IF(J13,'Box Library'!$G$6,IF(K13,'Box Library'!$G$7,IF(L13,'Box Library'!$G$8,0)))))) | O13: =IF('Product Data'!A13="","",IF(M13="NO BOX FITS",0,G13/(IF(H13,'Box Library'!$H$4,IF(I13,'Box Library'!$H$5,IF(J13,'Box Library'!$H$6,IF(K13,'Box Library'!$H$7,'Box Library'!$H$8))))))) | P13: =IF('Product Data'!A13="","",IF(M13="NO BOX FITS","REVIEW - NO STANDARD BOX FITS","OK"))
... A201: =IF('Product Data'!A201="","",'Product Data'!A201) | B201: =IF('Product Data'!A201="","",'Product Data'!B201) | C201: =IF('Product Data'!A201="","",'Product Data'!C201) | D201: =IF('Product Data'!A201="","",'Product Data'!D201) | E201: =IF('Product Data'!A201="","",'Product Data'!E201) | F201: =IF('Product Data'!A201="","",'Product Data'!F201) | G201: =IF('Product Data'!A201="","",C201*D201*E201) | H201: =IF('Product Data'!A201="","",AND($C201<='Box Library'!$C$4,$D201<='Box Library'!$D$4,$E201<='Box Library'!$E$4,$F201<='Box Library'!$F$4)) | I201: =IF('Product Data'!A201="","",AND($C201<='Box Library'!$C$5,$D201<='Box Library'!$D$5,$E201<='Box Library'!$E$5,$F201<='Box Library'!$F$5)) | J201: =IF('Product Data'!A201="","",AND($C201<='Box Library'!$C$6,$D201<='Box Library'!$D$6,$E201<='Box Library'!$E$6,$F201<='Box Library'!$F$6)) | K201: =IF('Product Data'!A201="","",AND($C201<='Box Library'!$C$7,$D201<='Box Library'!$D$7,$E201<='Box Library'!$E$7,$F201<='Box Library'!$F$7)) | L201: =IF('Product Data'!A201="","",AND($C201<='Box Library'!$C$8,$D201<='Box Library'!$D$8,$E201<='Box Library'!$E$8,$F201<='Box Library'!$F$8)) | M201: =IF('Product Data'!A201="","",IF(H201,'Box Library'!$A$4,IF(I201,'Box Library'!$A$5,IF(J201,'Box Library'!$A$6,IF(K201,'Box Library'!$A$7,IF(L201,'Box Library'!$A$8,"NO BOX FITS")))))) | N201: =IF('Product Data'!A201="","",IF(H201,'Box Library'!$G$4,IF(I201,'Box Library'!$G$5,IF(J201,'Box Library'!$G$6,IF(K201,'Box Library'!$G$7,IF(L201,'Box Library'!$G$8,0)))))) | O201: =IF('Product Data'!A201="","",IF(M201="NO BOX FITS",0,G201/(IF(H201,'Box Library'!$H$4,IF(I201,'Box Library'!$H$5,IF(J201,'Box Library'!$H$6,IF(K201,'Box Library'!$H$7,'Box Library'!$H$8))))))) | P201: =IF('Product Data'!A201="","",IF(M201="NO BOX FITS","REVIEW - NO STANDARD BOX FITS","OK"))

Sheet Summary
B2: Box-Fit Summary
B4: Total Products Checked | D4: =SUMPRODUCT(--('Fit Checker'!A2:A201<>""))
B5: Products with No Fitting Box | D5: =COUNTIF('Fit Checker'!P2:P201,"REVIEW - NO STANDARD BOX FITS")
B6: Total Recommended Packaging Cost (Rs) | D6: =SUM('Fit Checker'!N2:N201)
B7: Average Space Utilization (%) | D7: =AVERAGEIF('Fit Checker'!P2:P201,"OK",'Fit Checker'!O2:O201)
B9: Box Usage Breakdown
B11: Box Code | C11: Products Assigned
B12: BX1 | C12: =COUNTIF('Fit Checker'!$M$2:$M$201,B12)
B13: BX2 | C13: =COUNTIF('Fit Checker'!$M$2:$M$201,B13)
B14: BX3 | C14: =COUNTIF('Fit Checker'!$M$2:$M$201,B14)
B15: BX4 | C15: =COUNTIF('Fit Checker'!$M$2:$M$201,B15)
B16: BX5 | C16: =COUNTIF('Fit Checker'!$M$2:$M$201,B16)
B17: NO BOX FITS | C17: =COUNTIF('Fit Checker'!$M$2:$M$201,B17)
