Workbook

Sheet Read Me
B2: Payment Gateway TDR Settlement Audit Template
B4: What this does
B5: Checks every payment gateway settlement against your contracted TDR (Transaction Discount Rate) card - by payment method - and flags where the gateway deducted more than it should have.
B7: How to use it
B8: 1. Go to the 'TDR Rate Card' tab and replace the sample rates with your own gateway contract rates (cells shaded yellow).
B9: 2. Go to the 'Settlement Data' tab and paste your own settlement export, replacing the sample rows (keep the same columns).
B10: 3. Open the 'Audit' tab - every transaction recalculates automatically and shows a Verdict: MATCH, OVERCHARGED, or UNDERBILLED.
B11: 4. Check the 'Summary Dashboard' tab for total overcharge amount and a payment-method breakdown - this is your refund claim list.
B13: Notes
B14: - All figures are in INR (Rs). Blue cells = inputs you edit. Black cells = formulas, don't overtype them.
B15: - GST is applied on the TDR amount, not on the transaction amount - this template follows that convention.
B16: - This is a generic template with illustrative sample data - it is not tied to any specific payment gateway or brand.

Sheet TDR Rate Card
A1: TDR Rate Card - SAMPLE VALUES, replace with your own payment gateway contract
A3: Payment Method | B3: TDR Rate (% of transaction amount) | C3: GST on TDR (%)
A4: UPI | B4: 0.003 | C4: 0.18
A5: Debit Card | B5: 0.004 | C5: 0.18
A6: Credit Card | B6: 0.018 | C6: 0.18
A7: Netbanking | B7: 0.01 | C7: 0.18
A8: Wallet | B8: 0.015 | C8: 0.18
A11: Blue/yellow cells are sample inputs - overwrite with your own contracted TDR rates. Add more payment method rows if needed.

Sheet Settlement Data
A1: Transaction ID | B1: Order ID | C1: Payment Method | D1: Transaction Amount (Rs) | E1: TDR Deducted by Gateway (Rs) | F1: GST on TDR Deducted (Rs) | G1: Net Settled Amount (Rs)
A2: TXN90001 | B2: ORD6001 | C2: UPI | D2: 1299 | E2: 10.68 | F2: 1.92 | G2: 1286.4
A3: TXN90002 | B3: ORD6002 | C3: Credit Card | D3: 2499 | E3: 83.12 | F3: 14.96 | G3: 2400.92
A4: TXN90003 | B4: ORD6003 | C4: Debit Card | D4: 899 | E4: 3.6 | F4: 0.64 | G4: 894.76
A5: TXN90004 | B5: ORD6004 | C5: Netbanking | D5: 1799 | E5: 34.94 | F5: 6.29 | G5: 1757.77
A6: TXN90005 | B6: ORD6005 | C6: Wallet | D6: 599 | E6: 19.15 | F6: 3.45 | G6: 576.4
A7: TXN90006 | B7: ORD6006 | C7: UPI | D7: 3499 | E7: 10.5 | F7: 1.89 | G7: 3486.61
A8: TXN90007 | B8: ORD6007 | C8: Credit Card | D8: 4299 | E8: 128.23 | F8: 23.08 | G8: 4147.69
A9: TXN90008 | B9: ORD6008 | C9: Debit Card | D9: 1099 | E9: 17.11 | F9: 3.08 | G9: 1078.81
A10: TXN90009 | B10: ORD6009 | C10: Netbanking | D10: 2199 | E10: 43.18 | F10: 7.77 | G10: 2148.05
A11: TXN90010 | B11: ORD6010 | C11: Wallet | D11: 1499 | E11: 37.74 | F11: 6.79 | G11: 1454.47
A12: TXN90011 | B12: ORD6011 | C12: UPI | D12: 999 | E12: 2.15 | F12: 0.39 | G12: 996.46
A13: TXN90012 | B13: ORD6012 | C13: Credit Card | D13: 5499 | E13: 175.25 | F13: 31.55 | G13: 5292.2
A16: Replace these sample rows with your own settlement export. Keep the same column order.

Sheet Audit
A1: Transaction ID | B1: Payment Method | C1: Transaction Amount (Rs) | D1: Expected TDR Rate (%) | E1: Expected TDR Amount (Rs) | F1: Expected GST on TDR (Rs) | G1: Expected Total Deduction (Rs) | H1: Actual TDR Deducted (Rs) | I1: Actual GST Deducted (Rs) | J1: Actual Total Deduction (Rs) | K1: Variance (Rs) | L1: Verdict
A2: ='Settlement Data'!A2 | B2: ='Settlement Data'!C2 | C2: ='Settlement Data'!D2 | D2: =INDEX('TDR Rate Card'!$B$4:$B$8,MATCH(B2,'TDR Rate Card'!$A$4:$A$8,0)) | E2: =C2*D2 | F2: =E2*INDEX('TDR Rate Card'!$C$4:$C$8,MATCH(B2,'TDR Rate Card'!$A$4:$A$8,0)) | G2: =E2+F2 | H2: ='Settlement Data'!E2 | I2: ='Settlement Data'!F2 | J2: =H2+I2 | K2: =J2-G2 | L2: =IF(K2>0.5,"OVERCHARGED",IF(K2<-0.5,"UNDERBILLED","MATCH"))
A3: ='Settlement Data'!A3 | B3: ='Settlement Data'!C3 | C3: ='Settlement Data'!D3 | D3: =INDEX('TDR Rate Card'!$B$4:$B$8,MATCH(B3,'TDR Rate Card'!$A$4:$A$8,0)) | E3: =C3*D3 | F3: =E3*INDEX('TDR Rate Card'!$C$4:$C$8,MATCH(B3,'TDR Rate Card'!$A$4:$A$8,0)) | G3: =E3+F3 | H3: ='Settlement Data'!E3 | I3: ='Settlement Data'!F3 | J3: =H3+I3 | K3: =J3-G3 | L3: =IF(K3>0.5,"OVERCHARGED",IF(K3<-0.5,"UNDERBILLED","MATCH"))
A4: ='Settlement Data'!A4 | B4: ='Settlement Data'!C4 | C4: ='Settlement Data'!D4 | D4: =INDEX('TDR Rate Card'!$B$4:$B$8,MATCH(B4,'TDR Rate Card'!$A$4:$A$8,0)) | E4: =C4*D4 | F4: =E4*INDEX('TDR Rate Card'!$C$4:$C$8,MATCH(B4,'TDR Rate Card'!$A$4:$A$8,0)) | G4: =E4+F4 | H4: ='Settlement Data'!E4 | I4: ='Settlement Data'!F4 | J4: =H4+I4 | K4: =J4-G4 | L4: =IF(K4>0.5,"OVERCHARGED",IF(K4<-0.5,"UNDERBILLED","MATCH"))
A5: ='Settlement Data'!A5 | B5: ='Settlement Data'!C5 | C5: ='Settlement Data'!D5 | D5: =INDEX('TDR Rate Card'!$B$4:$B$8,MATCH(B5,'TDR Rate Card'!$A$4:$A$8,0)) | E5: =C5*D5 | F5: =E5*INDEX('TDR Rate Card'!$C$4:$C$8,MATCH(B5,'TDR Rate Card'!$A$4:$A$8,0)) | G5: =E5+F5 | H5: ='Settlement Data'!E5 | I5: ='Settlement Data'!F5 | J5: =H5+I5 | K5: =J5-G5 | L5: =IF(K5>0.5,"OVERCHARGED",IF(K5<-0.5,"UNDERBILLED","MATCH"))
A6: ='Settlement Data'!A6 | B6: ='Settlement Data'!C6 | C6: ='Settlement Data'!D6 | D6: =INDEX('TDR Rate Card'!$B$4:$B$8,MATCH(B6,'TDR Rate Card'!$A$4:$A$8,0)) | E6: =C6*D6 | F6: =E6*INDEX('TDR Rate Card'!$C$4:$C$8,MATCH(B6,'TDR Rate Card'!$A$4:$A$8,0)) | G6: =E6+F6 | H6: ='Settlement Data'!E6 | I6: ='Settlement Data'!F6 | J6: =H6+I6 | K6: =J6-G6 | L6: =IF(K6>0.5,"OVERCHARGED",IF(K6<-0.5,"UNDERBILLED","MATCH"))
A7: ='Settlement Data'!A7 | B7: ='Settlement Data'!C7 | C7: ='Settlement Data'!D7 | D7: =INDEX('TDR Rate Card'!$B$4:$B$8,MATCH(B7,'TDR Rate Card'!$A$4:$A$8,0)) | E7: =C7*D7 | F7: =E7*INDEX('TDR Rate Card'!$C$4:$C$8,MATCH(B7,'TDR Rate Card'!$A$4:$A$8,0)) | G7: =E7+F7 | H7: ='Settlement Data'!E7 | I7: ='Settlement Data'!F7 | J7: =H7+I7 | K7: =J7-G7 | L7: =IF(K7>0.5,"OVERCHARGED",IF(K7<-0.5,"UNDERBILLED","MATCH"))
A8: ='Settlement Data'!A8 | B8: ='Settlement Data'!C8 | C8: ='Settlement Data'!D8 | D8: =INDEX('TDR Rate Card'!$B$4:$B$8,MATCH(B8,'TDR Rate Card'!$A$4:$A$8,0)) | E8: =C8*D8 | F8: =E8*INDEX('TDR Rate Card'!$C$4:$C$8,MATCH(B8,'TDR Rate Card'!$A$4:$A$8,0)) | G8: =E8+F8 | H8: ='Settlement Data'!E8 | I8: ='Settlement Data'!F8 | J8: =H8+I8 | K8: =J8-G8 | L8: =IF(K8>0.5,"OVERCHARGED",IF(K8<-0.5,"UNDERBILLED","MATCH"))
A9: ='Settlement Data'!A9 | B9: ='Settlement Data'!C9 | C9: ='Settlement Data'!D9 | D9: =INDEX('TDR Rate Card'!$B$4:$B$8,MATCH(B9,'TDR Rate Card'!$A$4:$A$8,0)) | E9: =C9*D9 | F9: =E9*INDEX('TDR Rate Card'!$C$4:$C$8,MATCH(B9,'TDR Rate Card'!$A$4:$A$8,0)) | G9: =E9+F9 | H9: ='Settlement Data'!E9 | I9: ='Settlement Data'!F9 | J9: =H9+I9 | K9: =J9-G9 | L9: =IF(K9>0.5,"OVERCHARGED",IF(K9<-0.5,"UNDERBILLED","MATCH"))
A10: ='Settlement Data'!A10 | B10: ='Settlement Data'!C10 | C10: ='Settlement Data'!D10 | D10: =INDEX('TDR Rate Card'!$B$4:$B$8,MATCH(B10,'TDR Rate Card'!$A$4:$A$8,0)) | E10: =C10*D10 | F10: =E10*INDEX('TDR Rate Card'!$C$4:$C$8,MATCH(B10,'TDR Rate Card'!$A$4:$A$8,0)) | G10: =E10+F10 | H10: ='Settlement Data'!E10 | I10: ='Settlement Data'!F10 | J10: =H10+I10 | K10: =J10-G10 | L10: =IF(K10>0.5,"OVERCHARGED",IF(K10<-0.5,"UNDERBILLED","MATCH"))
A11: ='Settlement Data'!A11 | B11: ='Settlement Data'!C11 | C11: ='Settlement Data'!D11 | D11: =INDEX('TDR Rate Card'!$B$4:$B$8,MATCH(B11,'TDR Rate Card'!$A$4:$A$8,0)) | E11: =C11*D11 | F11: =E11*INDEX('TDR Rate Card'!$C$4:$C$8,MATCH(B11,'TDR Rate Card'!$A$4:$A$8,0)) | G11: =E11+F11 | H11: ='Settlement Data'!E11 | I11: ='Settlement Data'!F11 | J11: =H11+I11 | K11: =J11-G11 | L11: =IF(K11>0.5,"OVERCHARGED",IF(K11<-0.5,"UNDERBILLED","MATCH"))
A12: ='Settlement Data'!A12 | B12: ='Settlement Data'!C12 | C12: ='Settlement Data'!D12 | D12: =INDEX('TDR Rate Card'!$B$4:$B$8,MATCH(B12,'TDR Rate Card'!$A$4:$A$8,0)) | E12: =C12*D12 | F12: =E12*INDEX('TDR Rate Card'!$C$4:$C$8,MATCH(B12,'TDR Rate Card'!$A$4:$A$8,0)) | G12: =E12+F12 | H12: ='Settlement Data'!E12 | I12: ='Settlement Data'!F12 | J12: =H12+I12 | K12: =J12-G12 | L12: =IF(K12>0.5,"OVERCHARGED",IF(K12<-0.5,"UNDERBILLED","MATCH"))
A13: ='Settlement Data'!A13 | B13: ='Settlement Data'!C13 | C13: ='Settlement Data'!D13 | D13: =INDEX('TDR Rate Card'!$B$4:$B$8,MATCH(B13,'TDR Rate Card'!$A$4:$A$8,0)) | E13: =C13*D13 | F13: =E13*INDEX('TDR Rate Card'!$C$4:$C$8,MATCH(B13,'TDR Rate Card'!$A$4:$A$8,0)) | G13: =E13+F13 | H13: ='Settlement Data'!E13 | I13: ='Settlement Data'!F13 | J13: =H13+I13 | K13: =J13-G13 | L13: =IF(K13>0.5,"OVERCHARGED",IF(K13<-0.5,"UNDERBILLED","MATCH"))

Sheet Summary Dashboard
B2: Settlement Audit Summary
B4: Total Transactions Audited | D4: =COUNTA(Audit!A2:A13)
B5: Total Transaction Value (Rs) | D5: =SUM(Audit!C2:C13)
B6: Total Actual Deduction (Rs) | D6: =SUM(Audit!J2:J13)
B7: Total Expected Deduction (Rs) | D7: =SUM(Audit!G2:G13)
B8: Net Variance (Rs) | D8: =SUM(Audit!K2:K13)
B9: Transactions Overcharged | D9: =COUNTIF(Audit!L2:L13,"OVERCHARGED")
B10: Total Overcharge - Refund Claimable (Rs) | D10: =SUMIF(Audit!L2:L13,"OVERCHARGED",Audit!K2:K13)
B11: Transactions Underbilled (gateway's loss, FYI) | D11: =COUNTIF(Audit!L2:L13,"UNDERBILLED")
B13: Payment-Method Breakdown
B15: Payment Method | C15: Transactions | D15: Total Deducted (Rs) | E15: Total Expected (Rs) | F15: Overcharge Amount (Rs)
B16: UPI | C16: =COUNTIF(Audit!$B$2:$B$13,B16) | D16: =SUMIF(Audit!$B$2:$B$13,B16,Audit!$J$2:$J$13) | E16: =SUMIF(Audit!$B$2:$B$13,B16,Audit!$G$2:$G$13) | F16: =SUMIFS(Audit!$K$2:$K$13,Audit!$B$2:$B$13,B16,Audit!$L$2:$L$13,"OVERCHARGED")
B17: Debit Card | C17: =COUNTIF(Audit!$B$2:$B$13,B17) | D17: =SUMIF(Audit!$B$2:$B$13,B17,Audit!$J$2:$J$13) | E17: =SUMIF(Audit!$B$2:$B$13,B17,Audit!$G$2:$G$13) | F17: =SUMIFS(Audit!$K$2:$K$13,Audit!$B$2:$B$13,B17,Audit!$L$2:$L$13,"OVERCHARGED")
B18: Credit Card | C18: =COUNTIF(Audit!$B$2:$B$13,B18) | D18: =SUMIF(Audit!$B$2:$B$13,B18,Audit!$J$2:$J$13) | E18: =SUMIF(Audit!$B$2:$B$13,B18,Audit!$G$2:$G$13) | F18: =SUMIFS(Audit!$K$2:$K$13,Audit!$B$2:$B$13,B18,Audit!$L$2:$L$13,"OVERCHARGED")
B19: Netbanking | C19: =COUNTIF(Audit!$B$2:$B$13,B19) | D19: =SUMIF(Audit!$B$2:$B$13,B19,Audit!$J$2:$J$13) | E19: =SUMIF(Audit!$B$2:$B$13,B19,Audit!$G$2:$G$13) | F19: =SUMIFS(Audit!$K$2:$K$13,Audit!$B$2:$B$13,B19,Audit!$L$2:$L$13,"OVERCHARGED")
B20: Wallet | C20: =COUNTIF(Audit!$B$2:$B$13,B20) | D20: =SUMIF(Audit!$B$2:$B$13,B20,Audit!$J$2:$J$13) | E20: =SUMIF(Audit!$B$2:$B$13,B20,Audit!$G$2:$G$13) | F20: =SUMIFS(Audit!$K$2:$K$13,Audit!$B$2:$B$13,B20,Audit!$L$2:$L$13,"OVERCHARGED")
