Workbook

Sheet Read Me
B2: Courier Billing Audit Template
B4: What this does
B5: Compares what your courier actually billed you against what your contracted rate card says you should have been charged - per shipment - and flags overcharges automatically.
B7: How to use it
B8: 1. Go to the 'Rate Card' tab and replace the sample zone rates with your own courier contract rates (cells shaded yellow).
B9: 2. Go to the 'Shipment Data' tab and paste your own shipment export, replacing the sample rows (keep the same columns).
B10: 3. Open the 'Audit' tab - every row recalculates automatically and shows a Verdict: MATCH, OVERCHARGED, or UNDERBILLED.
B11: 4. Check the 'Summary Dashboard' tab for total overcharge amount and a zone-wise breakdown - this is your refund claim list.
B13: Notes
B14: - All figures are in INR (Rs). Blue cells = inputs you edit. Black cells = formulas, don't overtype them.
B15: - Chargeable weight = higher of actual weight and volumetric weight (L x W x H / 5000), rounded up to the nearest 0.5 kg slab.
B16: - This is a generic template with illustrative sample data - it is not tied to any specific courier or brand.

Sheet Rate Card
A1: Zone Rate Card - SAMPLE VALUES, replace with your own courier contract
A3: Zone Code | B3: Zone Name | C3: Base Weight (kg) | D3: Base Rate (Rs) | E3: Additional Rate per 0.5kg (Rs) | F3: COD Charge (% of order value) | G3: COD Minimum Charge (Rs) | H3: RTO Charge (% of forward freight)
A4: A | B4: Local (Same City) | C4: 0.5 | D4: 35 | E4: 15 | F4: 0.02 | G4: 30 | H4: 1
A5: B | B5: Regional (Within State) | C5: 0.5 | D5: 45 | E5: 20 | F5: 0.02 | G5: 30 | H5: 1
A6: C | B6: Metro to Metro | C6: 0.5 | D6: 55 | E6: 25 | F6: 0.02 | G6: 30 | H6: 1
A7: D | B7: Rest of India | C7: 0.5 | D7: 65 | E7: 30 | F7: 0.02 | G7: 30 | H7: 1
A8: E | B8: Special (NE / J&K / Ladakh / A&N Islands) | C8: 0.5 | D8: 95 | E8: 45 | F8: 0.02 | G8: 30 | H8: 1
A11: Blue/yellow cells are sample inputs - overwrite with your own rate card. Add more zone rows if your courier uses a different zone map.

Sheet Shipment Data
A1: AWB / Tracking No | B1: Order ID | C1: Zone | D1: Payment Mode | E1: Order Value (Rs) | F1: Actual Weight (kg) | G1: Length (cm) | H1: Width (cm) | I1: Height (cm) | J1: Shipment Status | K1: Billed Weight by Courier (kg) | L1: Billed Amount by Courier (Rs)
A2: AWB1001 | B2: ORD5001 | C2: A | D2: Prepaid | E2: 899 | F2: 0.4 | G2: 20 | H2: 15 | I2: 10 | J2: Delivered | K2: 1 | L2: 75
A3: AWB1002 | B3: ORD5002 | C3: B | D3: COD | E3: 1499 | F3: 0.8 | G3: 25 | H3: 20 | I3: 12 | J3: Delivered | K3: 1.5 | L3: 115
A4: AWB1003 | B4: ORD5003 | C4: C | D4: Prepaid | E4: 2199 | F4: 1.2 | G4: 30 | H4: 25 | I4: 15 | J4: Delivered | K4: 2.5 | L4: 173
A5: AWB1004 | B5: ORD5004 | C5: D | D5: COD | E5: 999 | F5: 0.3 | G5: 15 | H5: 15 | I5: 10 | J5: RTO | K5: 0.5 | L5: 200
A6: AWB1005 | B6: ORD5005 | C6: E | D6: Prepaid | E6: 3499 | F6: 2.1 | G6: 40 | H6: 30 | I6: 20 | J6: Delivered | K6: 5 | L6: 560
A7: AWB1006 | B7: ORD5006 | C7: A | D7: COD | E7: 599 | F7: 0.2 | G7: 12 | H7: 10 | I7: 8 | J7: Delivered | K7: 0.5 | L7: 65
A8: AWB1007 | B8: ORD5007 | C8: B | D8: Prepaid | E8: 1299 | F8: 0.6 | G8: 22 | H8: 18 | I8: 10 | J8: Delivered | K8: 1 | L8: 80
A9: AWB1008 | B9: ORD5008 | C9: C | D9: COD | E9: 1799 | F9: 1 | G9: 28 | H9: 22 | I9: 14 | J9: RTO | K9: 2 | L9: 341
A10: AWB1009 | B10: ORD5009 | C10: D | D10: Prepaid | E10: 2599 | F10: 1.8 | G10: 35 | H10: 28 | I10: 18 | J10: Delivered | K10: 4 | L10: 305
A11: AWB1010 | B11: ORD5010 | C11: E | D11: COD | E11: 4299 | F11: 3 | G11: 45 | H11: 35 | I11: 25 | J11: Delivered | K11: 8 | L11: 926
A12: AWB1011 | B12: ORD5011 | C12: A | D12: Prepaid | E12: 749 | F12: 0.35 | G12: 18 | H12: 14 | I12: 9 | J12: Delivered | K12: 0.5 | L12: 55
A13: AWB1012 | B13: ORD5012 | C13: B | D13: Prepaid | E13: 1099 | F13: 0.5 | G13: 20 | H13: 16 | I13: 11 | J13: Delivered | K13: 1 | L13: 45
A16: Replace these sample rows with your own courier billing export. Keep the same column order (paste-special > values if columns differ).

Sheet Audit
A1: AWB / Tracking No | B1: Zone | C1: Payment Mode | D1: Shipment Status | E1: Actual Weight (kg) | F1: Volumetric Weight (kg) | G1: Chargeable Weight (kg) | H1: Billed Weight by Courier (kg) | I1: Weight Check | J1: Expected Base Freight (Rs) | K1: Expected Additional Weight Charge (Rs) | L1: Expected COD Charge (Rs) | M1: Expected RTO Charge (Rs) | N1: Total Expected Charge (Rs) | O1: Billed Amount by Courier (Rs) | P1: Variance (Rs) | Q1: Verdict
A2: ='Shipment Data'!A2 | B2: ='Shipment Data'!C2 | C2: ='Shipment Data'!D2 | D2: ='Shipment Data'!J2 | E2: ='Shipment Data'!F2 | F2: =('Shipment Data'!G2*'Shipment Data'!H2*'Shipment Data'!I2)/5000 | G2: =CEILING(MAX(E2,F2),0.5) | H2: ='Shipment Data'!K2 | I2: =IF(H2>G2,"COURIER OVER-ROUNDED WEIGHT","OK") | J2: =INDEX('Rate Card'!$D$4:$D$8,MATCH(B2,'Rate Card'!$A$4:$A$8,0)) | K2: =ROUND((G2-INDEX('Rate Card'!$C$4:$C$8,MATCH(B2,'Rate Card'!$A$4:$A$8,0)))/0.5,0)*INDEX('Rate Card'!$E$4:$E$8,MATCH(B2,'Rate Card'!$A$4:$A$8,0)) | L2: =IF(C2="COD",MAX('Shipment Data'!E2*INDEX('Rate Card'!$F$4:$F$8,MATCH(B2,'Rate Card'!$A$4:$A$8,0)),INDEX('Rate Card'!$G$4:$G$8,MATCH(B2,'Rate Card'!$A$4:$A$8,0))),0) | M2: =IF(D2="RTO",(J2+K2)*INDEX('Rate Card'!$H$4:$H$8,MATCH(B2,'Rate Card'!$A$4:$A$8,0)),0) | N2: =J2+K2+L2+M2 | O2: ='Shipment Data'!L2 | P2: =O2-N2 | Q2: =IF(P2>1,"OVERCHARGED",IF(P2<-1,"UNDERBILLED","MATCH"))
A3: ='Shipment Data'!A3 | B3: ='Shipment Data'!C3 | C3: ='Shipment Data'!D3 | D3: ='Shipment Data'!J3 | E3: ='Shipment Data'!F3 | F3: =('Shipment Data'!G3*'Shipment Data'!H3*'Shipment Data'!I3)/5000 | G3: =CEILING(MAX(E3,F3),0.5) | H3: ='Shipment Data'!K3 | I3: =IF(H3>G3,"COURIER OVER-ROUNDED WEIGHT","OK") | J3: =INDEX('Rate Card'!$D$4:$D$8,MATCH(B3,'Rate Card'!$A$4:$A$8,0)) | K3: =ROUND((G3-INDEX('Rate Card'!$C$4:$C$8,MATCH(B3,'Rate Card'!$A$4:$A$8,0)))/0.5,0)*INDEX('Rate Card'!$E$4:$E$8,MATCH(B3,'Rate Card'!$A$4:$A$8,0)) | L3: =IF(C3="COD",MAX('Shipment Data'!E3*INDEX('Rate Card'!$F$4:$F$8,MATCH(B3,'Rate Card'!$A$4:$A$8,0)),INDEX('Rate Card'!$G$4:$G$8,MATCH(B3,'Rate Card'!$A$4:$A$8,0))),0) | M3: =IF(D3="RTO",(J3+K3)*INDEX('Rate Card'!$H$4:$H$8,MATCH(B3,'Rate Card'!$A$4:$A$8,0)),0) | N3: =J3+K3+L3+M3 | O3: ='Shipment Data'!L3 | P3: =O3-N3 | Q3: =IF(P3>1,"OVERCHARGED",IF(P3<-1,"UNDERBILLED","MATCH"))
A4: ='Shipment Data'!A4 | B4: ='Shipment Data'!C4 | C4: ='Shipment Data'!D4 | D4: ='Shipment Data'!J4 | E4: ='Shipment Data'!F4 | F4: =('Shipment Data'!G4*'Shipment Data'!H4*'Shipment Data'!I4)/5000 | G4: =CEILING(MAX(E4,F4),0.5) | H4: ='Shipment Data'!K4 | I4: =IF(H4>G4,"COURIER OVER-ROUNDED WEIGHT","OK") | J4: =INDEX('Rate Card'!$D$4:$D$8,MATCH(B4,'Rate Card'!$A$4:$A$8,0)) | K4: =ROUND((G4-INDEX('Rate Card'!$C$4:$C$8,MATCH(B4,'Rate Card'!$A$4:$A$8,0)))/0.5,0)*INDEX('Rate Card'!$E$4:$E$8,MATCH(B4,'Rate Card'!$A$4:$A$8,0)) | L4: =IF(C4="COD",MAX('Shipment Data'!E4*INDEX('Rate Card'!$F$4:$F$8,MATCH(B4,'Rate Card'!$A$4:$A$8,0)),INDEX('Rate Card'!$G$4:$G$8,MATCH(B4,'Rate Card'!$A$4:$A$8,0))),0) | M4: =IF(D4="RTO",(J4+K4)*INDEX('Rate Card'!$H$4:$H$8,MATCH(B4,'Rate Card'!$A$4:$A$8,0)),0) | N4: =J4+K4+L4+M4 | O4: ='Shipment Data'!L4 | P4: =O4-N4 | Q4: =IF(P4>1,"OVERCHARGED",IF(P4<-1,"UNDERBILLED","MATCH"))
A5: ='Shipment Data'!A5 | B5: ='Shipment Data'!C5 | C5: ='Shipment Data'!D5 | D5: ='Shipment Data'!J5 | E5: ='Shipment Data'!F5 | F5: =('Shipment Data'!G5*'Shipment Data'!H5*'Shipment Data'!I5)/5000 | G5: =CEILING(MAX(E5,F5),0.5) | H5: ='Shipment Data'!K5 | I5: =IF(H5>G5,"COURIER OVER-ROUNDED WEIGHT","OK") | J5: =INDEX('Rate Card'!$D$4:$D$8,MATCH(B5,'Rate Card'!$A$4:$A$8,0)) | K5: =ROUND((G5-INDEX('Rate Card'!$C$4:$C$8,MATCH(B5,'Rate Card'!$A$4:$A$8,0)))/0.5,0)*INDEX('Rate Card'!$E$4:$E$8,MATCH(B5,'Rate Card'!$A$4:$A$8,0)) | L5: =IF(C5="COD",MAX('Shipment Data'!E5*INDEX('Rate Card'!$F$4:$F$8,MATCH(B5,'Rate Card'!$A$4:$A$8,0)),INDEX('Rate Card'!$G$4:$G$8,MATCH(B5,'Rate Card'!$A$4:$A$8,0))),0) | M5: =IF(D5="RTO",(J5+K5)*INDEX('Rate Card'!$H$4:$H$8,MATCH(B5,'Rate Card'!$A$4:$A$8,0)),0) | N5: =J5+K5+L5+M5 | O5: ='Shipment Data'!L5 | P5: =O5-N5 | Q5: =IF(P5>1,"OVERCHARGED",IF(P5<-1,"UNDERBILLED","MATCH"))
A6: ='Shipment Data'!A6 | B6: ='Shipment Data'!C6 | C6: ='Shipment Data'!D6 | D6: ='Shipment Data'!J6 | E6: ='Shipment Data'!F6 | F6: =('Shipment Data'!G6*'Shipment Data'!H6*'Shipment Data'!I6)/5000 | G6: =CEILING(MAX(E6,F6),0.5) | H6: ='Shipment Data'!K6 | I6: =IF(H6>G6,"COURIER OVER-ROUNDED WEIGHT","OK") | J6: =INDEX('Rate Card'!$D$4:$D$8,MATCH(B6,'Rate Card'!$A$4:$A$8,0)) | K6: =ROUND((G6-INDEX('Rate Card'!$C$4:$C$8,MATCH(B6,'Rate Card'!$A$4:$A$8,0)))/0.5,0)*INDEX('Rate Card'!$E$4:$E$8,MATCH(B6,'Rate Card'!$A$4:$A$8,0)) | L6: =IF(C6="COD",MAX('Shipment Data'!E6*INDEX('Rate Card'!$F$4:$F$8,MATCH(B6,'Rate Card'!$A$4:$A$8,0)),INDEX('Rate Card'!$G$4:$G$8,MATCH(B6,'Rate Card'!$A$4:$A$8,0))),0) | M6: =IF(D6="RTO",(J6+K6)*INDEX('Rate Card'!$H$4:$H$8,MATCH(B6,'Rate Card'!$A$4:$A$8,0)),0) | N6: =J6+K6+L6+M6 | O6: ='Shipment Data'!L6 | P6: =O6-N6 | Q6: =IF(P6>1,"OVERCHARGED",IF(P6<-1,"UNDERBILLED","MATCH"))
A7: ='Shipment Data'!A7 | B7: ='Shipment Data'!C7 | C7: ='Shipment Data'!D7 | D7: ='Shipment Data'!J7 | E7: ='Shipment Data'!F7 | F7: =('Shipment Data'!G7*'Shipment Data'!H7*'Shipment Data'!I7)/5000 | G7: =CEILING(MAX(E7,F7),0.5) | H7: ='Shipment Data'!K7 | I7: =IF(H7>G7,"COURIER OVER-ROUNDED WEIGHT","OK") | J7: =INDEX('Rate Card'!$D$4:$D$8,MATCH(B7,'Rate Card'!$A$4:$A$8,0)) | K7: =ROUND((G7-INDEX('Rate Card'!$C$4:$C$8,MATCH(B7,'Rate Card'!$A$4:$A$8,0)))/0.5,0)*INDEX('Rate Card'!$E$4:$E$8,MATCH(B7,'Rate Card'!$A$4:$A$8,0)) | L7: =IF(C7="COD",MAX('Shipment Data'!E7*INDEX('Rate Card'!$F$4:$F$8,MATCH(B7,'Rate Card'!$A$4:$A$8,0)),INDEX('Rate Card'!$G$4:$G$8,MATCH(B7,'Rate Card'!$A$4:$A$8,0))),0) | M7: =IF(D7="RTO",(J7+K7)*INDEX('Rate Card'!$H$4:$H$8,MATCH(B7,'Rate Card'!$A$4:$A$8,0)),0) | N7: =J7+K7+L7+M7 | O7: ='Shipment Data'!L7 | P7: =O7-N7 | Q7: =IF(P7>1,"OVERCHARGED",IF(P7<-1,"UNDERBILLED","MATCH"))
A8: ='Shipment Data'!A8 | B8: ='Shipment Data'!C8 | C8: ='Shipment Data'!D8 | D8: ='Shipment Data'!J8 | E8: ='Shipment Data'!F8 | F8: =('Shipment Data'!G8*'Shipment Data'!H8*'Shipment Data'!I8)/5000 | G8: =CEILING(MAX(E8,F8),0.5) | H8: ='Shipment Data'!K8 | I8: =IF(H8>G8,"COURIER OVER-ROUNDED WEIGHT","OK") | J8: =INDEX('Rate Card'!$D$4:$D$8,MATCH(B8,'Rate Card'!$A$4:$A$8,0)) | K8: =ROUND((G8-INDEX('Rate Card'!$C$4:$C$8,MATCH(B8,'Rate Card'!$A$4:$A$8,0)))/0.5,0)*INDEX('Rate Card'!$E$4:$E$8,MATCH(B8,'Rate Card'!$A$4:$A$8,0)) | L8: =IF(C8="COD",MAX('Shipment Data'!E8*INDEX('Rate Card'!$F$4:$F$8,MATCH(B8,'Rate Card'!$A$4:$A$8,0)),INDEX('Rate Card'!$G$4:$G$8,MATCH(B8,'Rate Card'!$A$4:$A$8,0))),0) | M8: =IF(D8="RTO",(J8+K8)*INDEX('Rate Card'!$H$4:$H$8,MATCH(B8,'Rate Card'!$A$4:$A$8,0)),0) | N8: =J8+K8+L8+M8 | O8: ='Shipment Data'!L8 | P8: =O8-N8 | Q8: =IF(P8>1,"OVERCHARGED",IF(P8<-1,"UNDERBILLED","MATCH"))
A9: ='Shipment Data'!A9 | B9: ='Shipment Data'!C9 | C9: ='Shipment Data'!D9 | D9: ='Shipment Data'!J9 | E9: ='Shipment Data'!F9 | F9: =('Shipment Data'!G9*'Shipment Data'!H9*'Shipment Data'!I9)/5000 | G9: =CEILING(MAX(E9,F9),0.5) | H9: ='Shipment Data'!K9 | I9: =IF(H9>G9,"COURIER OVER-ROUNDED WEIGHT","OK") | J9: =INDEX('Rate Card'!$D$4:$D$8,MATCH(B9,'Rate Card'!$A$4:$A$8,0)) | K9: =ROUND((G9-INDEX('Rate Card'!$C$4:$C$8,MATCH(B9,'Rate Card'!$A$4:$A$8,0)))/0.5,0)*INDEX('Rate Card'!$E$4:$E$8,MATCH(B9,'Rate Card'!$A$4:$A$8,0)) | L9: =IF(C9="COD",MAX('Shipment Data'!E9*INDEX('Rate Card'!$F$4:$F$8,MATCH(B9,'Rate Card'!$A$4:$A$8,0)),INDEX('Rate Card'!$G$4:$G$8,MATCH(B9,'Rate Card'!$A$4:$A$8,0))),0) | M9: =IF(D9="RTO",(J9+K9)*INDEX('Rate Card'!$H$4:$H$8,MATCH(B9,'Rate Card'!$A$4:$A$8,0)),0) | N9: =J9+K9+L9+M9 | O9: ='Shipment Data'!L9 | P9: =O9-N9 | Q9: =IF(P9>1,"OVERCHARGED",IF(P9<-1,"UNDERBILLED","MATCH"))
A10: ='Shipment Data'!A10 | B10: ='Shipment Data'!C10 | C10: ='Shipment Data'!D10 | D10: ='Shipment Data'!J10 | E10: ='Shipment Data'!F10 | F10: =('Shipment Data'!G10*'Shipment Data'!H10*'Shipment Data'!I10)/5000 | G10: =CEILING(MAX(E10,F10),0.5) | H10: ='Shipment Data'!K10 | I10: =IF(H10>G10,"COURIER OVER-ROUNDED WEIGHT","OK") | J10: =INDEX('Rate Card'!$D$4:$D$8,MATCH(B10,'Rate Card'!$A$4:$A$8,0)) | K10: =ROUND((G10-INDEX('Rate Card'!$C$4:$C$8,MATCH(B10,'Rate Card'!$A$4:$A$8,0)))/0.5,0)*INDEX('Rate Card'!$E$4:$E$8,MATCH(B10,'Rate Card'!$A$4:$A$8,0)) | L10: =IF(C10="COD",MAX('Shipment Data'!E10*INDEX('Rate Card'!$F$4:$F$8,MATCH(B10,'Rate Card'!$A$4:$A$8,0)),INDEX('Rate Card'!$G$4:$G$8,MATCH(B10,'Rate Card'!$A$4:$A$8,0))),0) | M10: =IF(D10="RTO",(J10+K10)*INDEX('Rate Card'!$H$4:$H$8,MATCH(B10,'Rate Card'!$A$4:$A$8,0)),0) | N10: =J10+K10+L10+M10 | O10: ='Shipment Data'!L10 | P10: =O10-N10 | Q10: =IF(P10>1,"OVERCHARGED",IF(P10<-1,"UNDERBILLED","MATCH"))
A11: ='Shipment Data'!A11 | B11: ='Shipment Data'!C11 | C11: ='Shipment Data'!D11 | D11: ='Shipment Data'!J11 | E11: ='Shipment Data'!F11 | F11: =('Shipment Data'!G11*'Shipment Data'!H11*'Shipment Data'!I11)/5000 | G11: =CEILING(MAX(E11,F11),0.5) | H11: ='Shipment Data'!K11 | I11: =IF(H11>G11,"COURIER OVER-ROUNDED WEIGHT","OK") | J11: =INDEX('Rate Card'!$D$4:$D$8,MATCH(B11,'Rate Card'!$A$4:$A$8,0)) | K11: =ROUND((G11-INDEX('Rate Card'!$C$4:$C$8,MATCH(B11,'Rate Card'!$A$4:$A$8,0)))/0.5,0)*INDEX('Rate Card'!$E$4:$E$8,MATCH(B11,'Rate Card'!$A$4:$A$8,0)) | L11: =IF(C11="COD",MAX('Shipment Data'!E11*INDEX('Rate Card'!$F$4:$F$8,MATCH(B11,'Rate Card'!$A$4:$A$8,0)),INDEX('Rate Card'!$G$4:$G$8,MATCH(B11,'Rate Card'!$A$4:$A$8,0))),0) | M11: =IF(D11="RTO",(J11+K11)*INDEX('Rate Card'!$H$4:$H$8,MATCH(B11,'Rate Card'!$A$4:$A$8,0)),0) | N11: =J11+K11+L11+M11 | O11: ='Shipment Data'!L11 | P11: =O11-N11 | Q11: =IF(P11>1,"OVERCHARGED",IF(P11<-1,"UNDERBILLED","MATCH"))
A12: ='Shipment Data'!A12 | B12: ='Shipment Data'!C12 | C12: ='Shipment Data'!D12 | D12: ='Shipment Data'!J12 | E12: ='Shipment Data'!F12 | F12: =('Shipment Data'!G12*'Shipment Data'!H12*'Shipment Data'!I12)/5000 | G12: =CEILING(MAX(E12,F12),0.5) | H12: ='Shipment Data'!K12 | I12: =IF(H12>G12,"COURIER OVER-ROUNDED WEIGHT","OK") | J12: =INDEX('Rate Card'!$D$4:$D$8,MATCH(B12,'Rate Card'!$A$4:$A$8,0)) | K12: =ROUND((G12-INDEX('Rate Card'!$C$4:$C$8,MATCH(B12,'Rate Card'!$A$4:$A$8,0)))/0.5,0)*INDEX('Rate Card'!$E$4:$E$8,MATCH(B12,'Rate Card'!$A$4:$A$8,0)) | L12: =IF(C12="COD",MAX('Shipment Data'!E12*INDEX('Rate Card'!$F$4:$F$8,MATCH(B12,'Rate Card'!$A$4:$A$8,0)),INDEX('Rate Card'!$G$4:$G$8,MATCH(B12,'Rate Card'!$A$4:$A$8,0))),0) | M12: =IF(D12="RTO",(J12+K12)*INDEX('Rate Card'!$H$4:$H$8,MATCH(B12,'Rate Card'!$A$4:$A$8,0)),0) | N12: =J12+K12+L12+M12 | O12: ='Shipment Data'!L12 | P12: =O12-N12 | Q12: =IF(P12>1,"OVERCHARGED",IF(P12<-1,"UNDERBILLED","MATCH"))
A13: ='Shipment Data'!A13 | B13: ='Shipment Data'!C13 | C13: ='Shipment Data'!D13 | D13: ='Shipment Data'!J13 | E13: ='Shipment Data'!F13 | F13: =('Shipment Data'!G13*'Shipment Data'!H13*'Shipment Data'!I13)/5000 | G13: =CEILING(MAX(E13,F13),0.5) | H13: ='Shipment Data'!K13 | I13: =IF(H13>G13,"COURIER OVER-ROUNDED WEIGHT","OK") | J13: =INDEX('Rate Card'!$D$4:$D$8,MATCH(B13,'Rate Card'!$A$4:$A$8,0)) | K13: =ROUND((G13-INDEX('Rate Card'!$C$4:$C$8,MATCH(B13,'Rate Card'!$A$4:$A$8,0)))/0.5,0)*INDEX('Rate Card'!$E$4:$E$8,MATCH(B13,'Rate Card'!$A$4:$A$8,0)) | L13: =IF(C13="COD",MAX('Shipment Data'!E13*INDEX('Rate Card'!$F$4:$F$8,MATCH(B13,'Rate Card'!$A$4:$A$8,0)),INDEX('Rate Card'!$G$4:$G$8,MATCH(B13,'Rate Card'!$A$4:$A$8,0))),0) | M13: =IF(D13="RTO",(J13+K13)*INDEX('Rate Card'!$H$4:$H$8,MATCH(B13,'Rate Card'!$A$4:$A$8,0)),0) | N13: =J13+K13+L13+M13 | O13: ='Shipment Data'!L13 | P13: =O13-N13 | Q13: =IF(P13>1,"OVERCHARGED",IF(P13<-1,"UNDERBILLED","MATCH"))

Sheet Summary Dashboard
B2: Billing Audit Summary
B4: Total Shipments Audited | D4: =COUNTA(Audit!A2:A13)
B5: Total Billed by Courier (Rs) | D5: =SUM(Audit!O2:O13)
B6: Total Expected Charge (Rs) | D6: =SUM(Audit!N2:N13)
B7: Net Variance (Rs) | D7: =SUM(Audit!P2:P13)
B8: Shipments Overcharged | D8: =COUNTIF(Audit!Q2:Q13,"OVERCHARGED")
B9: Total Overcharge - Refund Claimable (Rs) | D9: =SUMIF(Audit!Q2:Q13,"OVERCHARGED",Audit!P2:P13)
B10: Shipments Underbilled (courier's loss, FYI) | D10: =COUNTIF(Audit!Q2:Q13,"UNDERBILLED")
B12: Zone-wise Breakdown
B14: Zone | C14: Shipments | D14: Total Billed (Rs) | E14: Total Expected (Rs) | F14: Overcharge Amount (Rs)
B15: A | C15: =COUNTIF(Audit!$B$2:$B$13,B15) | D15: =SUMIF(Audit!$B$2:$B$13,B15,Audit!$O$2:$O$13) | E15: =SUMIF(Audit!$B$2:$B$13,B15,Audit!$N$2:$N$13) | F15: =SUMIFS(Audit!$P$2:$P$13,Audit!$B$2:$B$13,B15,Audit!$Q$2:$Q$13,"OVERCHARGED")
B16: B | C16: =COUNTIF(Audit!$B$2:$B$13,B16) | D16: =SUMIF(Audit!$B$2:$B$13,B16,Audit!$O$2:$O$13) | E16: =SUMIF(Audit!$B$2:$B$13,B16,Audit!$N$2:$N$13) | F16: =SUMIFS(Audit!$P$2:$P$13,Audit!$B$2:$B$13,B16,Audit!$Q$2:$Q$13,"OVERCHARGED")
B17: C | C17: =COUNTIF(Audit!$B$2:$B$13,B17) | D17: =SUMIF(Audit!$B$2:$B$13,B17,Audit!$O$2:$O$13) | E17: =SUMIF(Audit!$B$2:$B$13,B17,Audit!$N$2:$N$13) | F17: =SUMIFS(Audit!$P$2:$P$13,Audit!$B$2:$B$13,B17,Audit!$Q$2:$Q$13,"OVERCHARGED")
B18: D | C18: =COUNTIF(Audit!$B$2:$B$13,B18) | D18: =SUMIF(Audit!$B$2:$B$13,B18,Audit!$O$2:$O$13) | E18: =SUMIF(Audit!$B$2:$B$13,B18,Audit!$N$2:$N$13) | F18: =SUMIFS(Audit!$P$2:$P$13,Audit!$B$2:$B$13,B18,Audit!$Q$2:$Q$13,"OVERCHARGED")
B19: E | C19: =COUNTIF(Audit!$B$2:$B$13,B19) | D19: =SUMIF(Audit!$B$2:$B$13,B19,Audit!$O$2:$O$13) | E19: =SUMIF(Audit!$B$2:$B$13,B19,Audit!$N$2:$N$13) | F19: =SUMIFS(Audit!$P$2:$P$13,Audit!$B$2:$B$13,B19,Audit!$Q$2:$Q$13,"OVERCHARGED")
